{"version": "LabOneQ 2.7.0", "resonator spectroscopy high power": 3.560640335083008, "resonator spectroscopy low power": 5.412437438964844, "qubit spectroscopy": 18.080763816833496, "rabi amplitude": 97.05628323554993, "ramsey detuned": 106.30168008804321, "t1": 67.69457149505615, "ramsey": 48.1392548084259, "single shot classification": 9.503018379211426, "standard rb": 512.6062188148499}